{"stats":{"minecraft:dropped":{"minecraft:wheat_seeds":3,"minecraft:cobbled_deepslate":9,"minecraft:andesite":1,"minecraft:leather_boots":1,"gravestone:obituary":5,"minecraft:wooden_sword":1,"minecraft:wooden_pickaxe":1},"minecraft:killed_by":{"minecraft:creeper":1,"enemyexpansion:troll":2},"minecraft:mined":{"minecraft:white_bed":1,"projectvibrantjourneys:rocks":9,"minecraft:crafting_table":1,"gravestone:gravestone":3,"minecraft:grass_block":100,"projectvibrantjourneys:natural_cobweb":1,"minecraft:oak_planks":3,"minecraft:iron_ore":12,"projectvibrantjourneys:bones":7,"minecraft:andesite":1,"minecraft:deepslate_lapis_ore":5,"minecraft:grass":49,"minecraft:oak_log":111,"minecraft:deepslate_iron_ore":16,"minecraft:dirt":8,"minecraft:stone":35,"minecraft:oak_leaves":1,"minecraft:deepslate":3,"minecraft:fern":1},"minecraft:used":{"minecraft:cooked_mutton":1,"minecraft:stone_sword":121,"minecraft:stone_shovel":102,"minecraft:stone_pickaxe":48,"minecraft:oak_planks":138,"minecraft:wooden_pickaxe":33,"minecraft:chest":2,"minecraft:shield":21,"minecraft:oak_door":2,"minecraft:torch":9,"minecraft:dirt":90,"minecraft:crafting_table":2,"minecraft:white_bed":2,"minecraft:campfire":2,"minecraft:stone_axe":141,"minecraft:wooden_sword":29,"minecraft:oak_sapling":2,"minecraft:furnace":1,"minecraft:cooked_porkchop":2,"alexsmobs:animal_dictionary":1,"minecraft:cooked_beef":3},"minecraft:killed":{"minecraft:pig":8,"minecraft:sheep":7,"minecraft:skeleton":3,"minecraft:chicken":2,"alexsmobs:crow":1,"minecraft:cow":11},"minecraft:custom":{"minecraft:interact_with_furnace":16,"minecraft:mob_kills":33,"minecraft:interact_with_crafting_table":20,"minecraft:interact_with_campfire":23,"minecraft:damage_dealt_resisted":597,"minecraft:leave_game":1,"minecraft:time_since_death":20063,"minecraft:sleep_in_bed":4,"minecraft:time_since_rest":7952,"minecraft:sprint_one_cm":127666,"minecraft:damage_taken":1437,"minecraft:walk_one_cm":105588,"minecraft:damage_blocked_by_shield":1350,"minecraft:drop":11,"minecraft:damage_dealt":5950,"minecraft:swim_one_cm":899,"minecraft:fly_one_cm":95974,"minecraft:open_chest":11,"minecraft:crouch_one_cm":6279,"minecraft:play_time":58759,"minecraft:deaths":4,"minecraft:sneak_time":2040,"minecraft:walk_under_water_one_cm":6789,"minecraft:jump":357,"minecraft:walk_on_water_one_cm":2554,"minecraft:total_world_time":58759,"minecraft:fall_one_cm":11436},"minecraft:picked_up":{"minecraft:crafting_table":1,"minecraft:feather":2,"minecraft:chicken":2,"minecraft:andesite":1,"minecraft:leather":13,"gravestone:obituary":2,"minecraft:oak_log":111,"minecraft:string":1,"minecraft:lapis_lazuli":32,"minecraft:dirt":147,"minecraft:cooked_mutton":7,"minecraft:bone":10,"minecraft:wheat_seeds":4,"minecraft:cobbled_deepslate":9,"minecraft:beef":22,"minecraft:oak_planks":3,"minecraft:stick":34,"minecraft:raw_iron":28,"minecraft:cooked_porkchop":16,"minecraft:porkchop":16,"pointblank:gunmetal_nugget":12,"minecraft:white_bed":1,"minecraft:arrow":2,"minecraft:oak_sapling":42,"minecraft:mutton":8,"minecraft:white_wool":6,"minecraft:cobblestone":35},"minecraft:crafted":{"minecraft:cooked_beef":8,"minecraft:oak_door":3,"minecraft:oak_planks":228,"minecraft:stone_shovel":2,"minecraft:crafting_table":1,"minecraft:wooden_pickaxe":1,"minecraft:iron_helmet":1,"minecraft:furnace":1,"minecraft:campfire":2,"minecraft:stone_axe":1,"minecraft:iron_boots":1,"minecraft:iron_chestplate":1,"minecraft:charcoal":6,"minecraft:shield":1,"minecraft:stick":24,"minecraft:iron_ingot":28,"minecraft:iron_pickaxe":1,"minecraft:stone_pickaxe":2,"minecraft:stone_sword":2,"minecraft:chest":2,"minecraft:iron_leggings":1,"minecraft:white_bed":1,"minecraft:torch":12}},"DataVersion":3465}